{"cameraMode":{"drawMode":0,"name":"Shaded","section":"Shading Mode"},"sceneLighting":true,"audioPlay":false,"sceneViewState":{"showFog":true,"showMaterialUpdate":false,"showSkybox":true,"showFlares":true,"showImageEffects":true,"showParticleSystems":true},"in2DMode":false,"pivot":{"x":-2.6884708404541017,"y":-1.210310935974121,"z":-0.28600502014160159},"rotation":{"x":-0.17194557189941407,"y":0.6876136660575867,"z":-0.17287608981132508,"w":-0.6839123368263245},"size":1173.3492431640625,"orthographic":false}