{"cameraMode":{"drawMode":0,"name":"Shaded","section":"Shading Mode"},"sceneLighting":true,"audioPlay":false,"sceneViewState":{"showFog":true,"showMaterialUpdate":false,"showSkybox":true,"showFlares":true,"showImageEffects":true,"showParticleSystems":true},"in2DMode":false,"pivot":{"x":2.667955160140991,"y":2.115985631942749,"z":6.044984817504883},"rotation":{"x":0.06427286565303803,"y":0.7186801433563232,"z":-0.0670306384563446,"w":0.689111590385437},"size":8.361557006835938,"orthographic":false}