{"cameraMode":{"drawMode":0,"name":"Shaded","section":"Shading Mode"},"sceneLighting":true,"audioPlay":false,"sceneViewState":{"showFog":true,"showMaterialUpdate":false,"showSkybox":true,"showFlares":true,"showImageEffects":true,"showParticleSystems":true},"in2DMode":false,"pivot":{"x":0.317413330078125,"y":2.0879974365234377,"z":0.0411376953125},"rotation":{"x":0.16279329359531403,"y":0.1939743310213089,"z":-0.03265916183590889,"w":0.9668534994125366},"size":531.77734375,"orthographic":false}